"TABLE_ID","NAME","FLAG","N_COLS","SPACE","FILE_FORMAT","ROW_FORMAT","ZIP_PAGE_SIZE","SPACE_TYPE"
"14","SYS_DATAFILES","0","5","0","Antelope","Redundant","0","System"
"11","SYS_FOREIGN","0","7","0","Antelope","Redundant","0","System"
"12","SYS_FOREIGN_COLS","0","7","0","Antelope","Redundant","0","System"
"13","SYS_TABLESPACES","0","6","0","Antelope","Redundant","0","System"
"15","SYS_VIRTUAL","0","6","0","Antelope","Redundant","0","System"
"37","employees/departments","33","5","24","Barracuda","Dynamic","0","Single"
"39","employees/dept_emp","33","7","26","Barracuda","Dynamic","0","Single"
"38","employees/dept_manager","33","7","25","Barracuda","Dynamic","0","Single"
"36","employees/employees","33","9","23","Barracuda","Dynamic","0","Single"
"41","employees/salaries","33","7","28","Barracuda","Dynamic","0","Single"
"40","employees/titles","33","7","27","Barracuda","Dynamic","0","Single"
"34","mysql/engine_cost","33","9","20","Barracuda","Dynamic","0","Single"
"32","mysql/gtid_executed","33","6","18","Barracuda","Dynamic","0","Single"
"19","mysql/help_category","33","7","5","Barracuda","Dynamic","0","Single"
"21","mysql/help_keyword","33","5","7","Barracuda","Dynamic","0","Single"
"20","mysql/help_relation","33","5","6","Barracuda","Dynamic","0","Single"
"18","mysql/help_topic","33","9","4","Barracuda","Dynamic","0","Single"
"28","mysql/innodb_index_stats","33","11","14","Barracuda","Dynamic","0","Single"
"27","mysql/innodb_table_stats","33","9","13","Barracuda","Dynamic","0","Single"
"16","mysql/plugin","33","5","2","Barracuda","Dynamic","0","Single"
"33","mysql/server_cost","33","7","19","Barracuda","Dynamic","0","Single"
"17","mysql/servers","33","12","3","Barracuda","Dynamic","0","Single"
"30","mysql/slave_master_info","33","28","16","Barracuda","Dynamic","0","Single"
"29","mysql/slave_relay_log_info","33","12","15","Barracuda","Dynamic","0","Single"
"31","mysql/slave_worker_info","33","16","17","Barracuda","Dynamic","0","Single"
"23","mysql/time_zone","33","5","9","Barracuda","Dynamic","0","Single"
"26","mysql/time_zone_leap_second","33","5","12","Barracuda","Dynamic","0","Single"
"22","mysql/time_zone_name","33","5","8","Barracuda","Dynamic","0","Single"
"24","mysql/time_zone_transition","33","6","10","Barracuda","Dynamic","0","Single"
"25","mysql/time_zone_transition_type","33","8","11","Barracuda","Dynamic","0","Single"
"35","sys/sys_config","33","7","21","Barracuda","Dynamic","0","Single"
