"SPACE","NAME","FLAG","FILE_FORMAT","ROW_FORMAT","PAGE_SIZE","ZIP_PAGE_SIZE","SPACE_TYPE","FS_BLOCK_SIZE","FILE_SIZE","ALLOCATED_SIZE"
"2","mysql/plugin","33","Barracuda","Dynamic","16384","0","Single","4096","98304","98304"
"3","mysql/servers","33","Barracuda","Dynamic","16384","0","Single","4096","98304","98304"
"4","mysql/help_topic","33","Barracuda","Dynamic","16384","0","Single","4096","114688","114688"
"5","mysql/help_category","33","Barracuda","Dynamic","16384","0","Single","4096","114688","114688"
"6","mysql/help_relation","33","Barracuda","Dynamic","16384","0","Single","4096","98304","98304"
"7","mysql/help_keyword","33","Barracuda","Dynamic","16384","0","Single","4096","114688","114688"
"8","mysql/time_zone_name","33","Barracuda","Dynamic","16384","0","Single","4096","98304","98304"
"9","mysql/time_zone","33","Barracuda","Dynamic","16384","0","Single","4096","98304","98304"
"10","mysql/time_zone_transition","33","Barracuda","Dynamic","16384","0","Single","4096","98304","98304"
"11","mysql/time_zone_transition_type","33","Barracuda","Dynamic","16384","0","Single","4096","98304","98304"
"12","mysql/time_zone_leap_second","33","Barracuda","Dynamic","16384","0","Single","4096","98304","98304"
"13","mysql/innodb_table_stats","33","Barracuda","Dynamic","16384","0","Single","4096","98304","98304"
"14","mysql/innodb_index_stats","33","Barracuda","Dynamic","16384","0","Single","4096","98304","98304"
"15","mysql/slave_relay_log_info","33","Barracuda","Dynamic","16384","0","Single","4096","98304","98304"
"16","mysql/slave_master_info","33","Barracuda","Dynamic","16384","0","Single","4096","98304","98304"
"17","mysql/slave_worker_info","33","Barracuda","Dynamic","16384","0","Single","4096","98304","98304"
"18","mysql/gtid_executed","33","Barracuda","Dynamic","16384","0","Single","4096","98304","98304"
"19","mysql/server_cost","33","Barracuda","Dynamic","16384","0","Single","4096","98304","98304"
"20","mysql/engine_cost","33","Barracuda","Dynamic","16384","0","Single","4096","98304","98304"
"21","sys/sys_config","33","Barracuda","Dynamic","16384","0","Single","4096","98304","98304"
"23","employees/employees","33","Barracuda","Dynamic","16384","0","Single","4096","23068672","23072768"
"24","employees/departments","33","Barracuda","Dynamic","16384","0","Single","4096","114688","114688"
"25","employees/dept_manager","33","Barracuda","Dynamic","16384","0","Single","4096","114688","114688"
"26","employees/dept_emp","33","Barracuda","Dynamic","16384","0","Single","4096","26214400","26218496"
"27","employees/titles","33","Barracuda","Dynamic","16384","0","Single","4096","28311552","28315648"
"28","employees/salaries","33","Barracuda","Dynamic","16384","0","Single","4096","109051904","109056000"
